<SOAP-ENV:Envelope xmlns:SOAP-ENV="http://schemas.xmlsoap.org/soap/envelope/">
   <SOAP-ENV:Header/>
   <SOAP-ENV:Body>
      <ns2:DirectReportResponse xmlns:ns2="http://direct.purview.ca/">
         <ns2:Header>
            <ns2:ReportID>59064</ns2:ReportID>
            <ns2:ReportDate>2015-10-19T11:26:02</ns2:ReportDate>
            <ns2:ValuationDate>2015-10-19</ns2:ValuationDate>
            <ns2:AVMModel>Teranet reavs Model</ns2:AVMModel>
            <ns2:AVMModelType>REAVS</ns2:AVMModelType>
         </ns2:Header>
         <ns2:ReportDetail>
            <ns2:PropertyDetail>
               <ns2:PropertyAddress>
                  <ns2:StreetNumber>6</ns2:StreetNumber>
                  <ns2:StreetName>BROADBRIDGE DR</ns2:StreetName>
                  <ns2:Suite/>
                  <ns2:Municipality>TORONTO</ns2:Municipality>
                  <ns2:PostalCode>M1C3J8</ns2:PostalCode>
                  <ns2:LRO>80</ns2:LRO>
               </ns2:PropertyAddress>
               <ns2:Owners>
                  <ns2:Name>THIRU, ROHAN</ns2:Name>
                  <ns2:Name>THIRU, NIRUSHA</ns2:Name>
               </ns2:Owners>
               <ns2:LegalDescription>PCL 43-1, SEC M1983 ; LT 43, PL M1983 , S/T A897223 ; SCARBOROUGH , CITY OF TORONTO</ns2:LegalDescription>
               <ns2:Perimeter>103</ns2:Perimeter>
               <ns2:PerimeterUnit>m</ns2:PerimeterUnit>
               <ns2:Area>571</ns2:Area>
               <ns2:AreaUnit>m2</ns2:AreaUnit>
               <ns2:Pin>065020131</ns2:Pin>
               <ns2:RegistrationType>L</ns2:RegistrationType>
               <ns2:AerialViewOfSubjectPropertyUrl><![CDATA[http://maps.googleapis.com/maps/api/staticmap?center=43.78686569086007,-79.13097471562862&maptype=hybrid&zoom=19&size=275x275&path=color:0xD8B511FF%7Cweight:3%7Cfillcolor:0xD8B51111%7Cenc:%7DcgjG%60g~aNp@%60AHOWkAIBGBEBEDEF&sensor=false&client=gme-teranetinc&signature=-sU3JuWblkeD797Cia1is3Qr-ZA=]]></ns2:AerialViewOfSubjectPropertyUrl>
               <ns2:StreetViewOfSubjectPropertyUrl>http://maps.googleapis.com/maps/api/streetview?sensor=false&amp;fov=60&amp;size=275x275&amp;location=43.786948712563564,-79.13081614260989&amp;client=gme-teranetinc&amp;signature=NtcT8sSmgHjiQOfIBGY7DQcvZSk=</ns2:StreetViewOfSubjectPropertyUrl>
            </ns2:PropertyDetail>
            <ns2:SalesHistories>
               <ns2:SalesHistory>
                  <ns2:PartyTo>
                     <ns2:Name>THIRU, NIRUSHA</ns2:Name>
                     <ns2:Name>THIRU, ROHAN</ns2:Name>
                  </ns2:PartyTo>
                  <ns2:RegistrationDate>2014-12-17</ns2:RegistrationDate>
                  <ns2:ConsiderationValue>771000</ns2:ConsiderationValue>
                  <ns2:InstrumentType>Transfer</ns2:InstrumentType>
               </ns2:SalesHistory>
               <ns2:SalesHistory>
                  <ns2:PartyTo>
                     <ns2:Name>STEGNAR, FRANCIS JOSEPH</ns2:Name>
                     <ns2:Name>WALKER, LEAH CAROLINE</ns2:Name>
                  </ns2:PartyTo>
                  <ns2:RegistrationDate>2013-06-14</ns2:RegistrationDate>
                  <ns2:ConsiderationValue>601500</ns2:ConsiderationValue>
                  <ns2:InstrumentType>Transfer</ns2:InstrumentType>
               </ns2:SalesHistory>
               <ns2:SalesHistory>
                  <ns2:PartyTo>
                     <ns2:Name>COOPER, JAMES MARTIN</ns2:Name>
                     <ns2:Name>COOPER, NOEL DENISE</ns2:Name>
                  </ns2:PartyTo>
                  <ns2:RegistrationDate>2008-08-07</ns2:RegistrationDate>
                  <ns2:ConsiderationValue>455000</ns2:ConsiderationValue>
                  <ns2:InstrumentType>Transfer</ns2:InstrumentType>
               </ns2:SalesHistory>
               <ns2:SalesHistory>
                  <ns2:PartyTo>
                     <ns2:Name>BARRETT, DAVID BRONSON</ns2:Name>
                     <ns2:Name>BARRETT, LINDA BERYL</ns2:Name>
                  </ns2:PartyTo>
                  <ns2:RegistrationDate>1987-04-30</ns2:RegistrationDate>
                  <ns2:ConsiderationValue>0</ns2:ConsiderationValue>
                  <ns2:InstrumentType>Transfer</ns2:InstrumentType>
               </ns2:SalesHistory>
            </ns2:SalesHistories>
            <ns2:EstimatedValue>
               <ns2:EstimatedValue>854400</ns2:EstimatedValue>
               <ns2:EstimatedValueLow>762000</ns2:EstimatedValueLow>
               <ns2:EstimatedValueHigh>933000</ns2:EstimatedValueHigh>
               <ns2:MinimumSaleValue>435000</ns2:MinimumSaleValue>
               <ns2:MaximumSaleValue>1140000</ns2:MaximumSaleValue>
               <ns2:AverageSaleValue>643011</ns2:AverageSaleValue>
               <ns2:MedianSaleValue>617500</ns2:MedianSaleValue>
               <ns2:SalesInLast6Months>28</ns2:SalesInLast6Months>
               <ns2:MarketShift>0.156652</ns2:MarketShift>
            </ns2:EstimatedValue>
            <ns2:EquityAndMortgages>
               <ns2:EquityEstimate>100374</ns2:EquityEstimate>
               <ns2:EstimatedValue>854400</ns2:EstimatedValue>
               <ns2:RegisteredMortgages>754026</ns2:RegisteredMortgages>
               <ns2:MortgageDetails>
                  <ns2:ConsiderationValue>754026</ns2:ConsiderationValue>
                  <ns2:Institution>ROYAL BANK OF CANADA</ns2:Institution>
                  <ns2:DateIssued>2014-12-17</ns2:DateIssued>
               </ns2:MortgageDetails>
            </ns2:EquityAndMortgages>
         </ns2:ReportDetail>
      </ns2:DirectReportResponse>
   </SOAP-ENV:Body>
</SOAP-ENV:Envelope>