<SOAP-ENV:Envelope xmlns:SOAP-ENV="http://schemas.xmlsoap.org/soap/envelope/">
   <SOAP-ENV:Header/>
   <SOAP-ENV:Body>
      <ns2:DirectReportResponse xmlns:ns2="http://direct.purview.ca/">
         <ns2:Header>
            <ns2:ReportID>58117</ns2:ReportID>
            <ns2:ReportDate>2015-09-23T13:30:44</ns2:ReportDate>
            <ns2:CustomerReference/>
            <ns2:ValuationDate>2015-09-23</ns2:ValuationDate>
            <ns2:AVMModel>Teranet reavs Model</ns2:AVMModel>
            <ns2:AVMModelType>REAVS</ns2:AVMModelType>
         </ns2:Header>
         <ns2:ReportDetail>
            <ns2:PropertyDetail>
               <ns2:PropertyAddress>
                  <ns2:StreetNumber>18</ns2:StreetNumber>
                  <ns2:StreetName>CLARK SECOR PL</ns2:StreetName>
                  <ns2:Suite/>
                  <ns2:Municipality>TORONTO</ns2:Municipality>
                  <ns2:PostalCode>M1C3L3</ns2:PostalCode>
                  <ns2:LRO>80</ns2:LRO>
               </ns2:PropertyAddress>
               <ns2:Owners>
                  <ns2:Name>CRUZ-CLARKE, CHRISTINE</ns2:Name>
                  <ns2:Name>CLARKE, JEFFREY</ns2:Name>
               </ns2:Owners>
               <ns2:LegalDescription>PCL 1-1, SEC M1979 ; LT 1, PL M1979 , S/T C25803 ; SCARBOROUGH , CITY OF TORONTO</ns2:LegalDescription>
               <ns2:Perimeter>108</ns2:Perimeter>
               <ns2:PerimeterUnit>m</ns2:PerimeterUnit>
               <ns2:Area>627</ns2:Area>
               <ns2:AreaUnit>m2</ns2:AreaUnit>
               <ns2:Pin>065020117</ns2:Pin>
               <ns2:RegistrationType>L</ns2:RegistrationType>
               <ns2:AerialViewOfSubjectPropertyUrl><![CDATA[http://maps.googleapis.com/maps/api/staticmap?center=43.79004182361515,-79.13522349437159&maptype=hybrid&zoom=19&size=275x275&path=color:0xD8B511FF%7Cweight:3%7Cfillcolor:0xD8B51111%7Cenc:exgjGxa_bN%60@h@b@O??BA@A@C@E?C?EESiAP&sensor=false&client=gme-teranetinc&signature=W87bsjQCEXpbXazUaUQP7KG9uUM=]]></ns2:AerialViewOfSubjectPropertyUrl>
               <ns2:StreetViewOfSubjectPropertyUrl>http://maps.googleapis.com/maps/api/streetview?sensor=false&amp;fov=60&amp;size=275x275&amp;location=43.78988495505123,-79.1351984119936&amp;client=gme-teranetinc&amp;signature=IBJStsitP4GNrPHmK6WDA5KSBJw=</ns2:StreetViewOfSubjectPropertyUrl>
            </ns2:PropertyDetail>
            <ns2:SalesHistories>
               <ns2:SalesHistory>
                  <ns2:PartyTo>
                     <ns2:Name>CLARKE, JEFFREY</ns2:Name>
                     <ns2:Name>CRUZ-CLARKE, CHRISTINE</ns2:Name>
                  </ns2:PartyTo>
                  <ns2:RegistrationDate>2010-06-25</ns2:RegistrationDate> <!-- comment by CMP: This is the same as 'SoldDate' --> 
                  <ns2:ConsiderationValue>480000</ns2:ConsiderationValue> <!-- comment by CMP: This is the same as 'SoldAmount' --> 
                  <ns2:InstrumentType>Transfer</ns2:InstrumentType>
               </ns2:SalesHistory>
               <ns2:SalesHistory>
                  <ns2:PartyTo>
                     <ns2:Name>GUERRA, DONNA MAE-MICHELLE</ns2:Name>
                     <ns2:Name>KHAN, MUHAMMAD CHAUDHRY</ns2:Name>
                  </ns2:PartyTo>
                  <ns2:RegistrationDate>1999-05-31</ns2:RegistrationDate>
                  <ns2:ConsiderationValue>269000</ns2:ConsiderationValue>
                  <ns2:InstrumentType>Transfer</ns2:InstrumentType>
               </ns2:SalesHistory>
               <ns2:SalesHistory>
                  <ns2:PartyTo>
                     <ns2:Name>WEST, SUSAN MARGARET</ns2:Name>
                  </ns2:PartyTo>
                  <ns2:RegistrationDate>1989-12-19</ns2:RegistrationDate>
                  <ns2:ConsiderationValue>0</ns2:ConsiderationValue>
                  <ns2:InstrumentType>Transfer</ns2:InstrumentType>
               </ns2:SalesHistory>
            </ns2:SalesHistories>
            <ns2:EstimatedValue>
               <ns2:EstimatedValue>830000</ns2:EstimatedValue>
               <ns2:EstimatedValueLow>734000</ns2:EstimatedValueLow>
               <ns2:EstimatedValueHigh>912000</ns2:EstimatedValueHigh>
               <ns2:MinimumSaleValue>435000</ns2:MinimumSaleValue>
               <ns2:MaximumSaleValue>1140000</ns2:MaximumSaleValue>
               <ns2:AverageSaleValue>642727</ns2:AverageSaleValue>
               <ns2:MedianSaleValue>605000</ns2:MedianSaleValue>
               <ns2:SalesInLast6Months>25</ns2:SalesInLast6Months>
               <ns2:MarketShift>0.16268000000000002</ns2:MarketShift>
            </ns2:EstimatedValue>
            <ns2:EquityAndMortgages>
               <ns2:EquityEstimate>446000</ns2:EquityEstimate> <!-- comment by CMP: Teranet has estimated the equity, but they are not using current account balance -->  
               <ns2:EstimatedValue>830000</ns2:EstimatedValue> <!-- comment by CMP: Teranet has estimated for market value -->
               <ns2:RegisteredMortgages>384000</ns2:RegisteredMortgages> <!-- comment by CMP: Teranet has initial mortgage amount, BUT NOT CURRENT BALANCE -->
               <ns2:MortgageDetails>
                  <ns2:ConsiderationValue>384000</ns2:ConsiderationValue> <!-- comment by CMP: Same as above 'RegisteredMortgages' -->
                  <ns2:Institution>BANK OF MONTREAL</ns2:Institution> <!-- comment by CMP: lender for the above -->
                  <ns2:DateIssued>2010-06-25</ns2:DateIssued> <!-- comment by CMP: closing date of mortgage transaction for the amount of $384000 -->
               </ns2:MortgageDetails>
            </ns2:EquityAndMortgages>
         </ns2:ReportDetail>
      </ns2:DirectReportResponse>
   </SOAP-ENV:Body>
</SOAP-ENV:Envelope>