<SOAP-ENV:Envelope xmlns:SOAP-ENV="http://schemas.xmlsoap.org/soap/envelope/">
   <SOAP-ENV:Header/>
   <SOAP-ENV:Body>
      <ns2:DirectReportResponse xmlns:ns2="http://direct.purview.ca/">
         <ns2:Header>
            <ns2:ReportID>58115</ns2:ReportID>
            <ns2:ReportDate>2015-09-23T12:04:17</ns2:ReportDate>
            <ns2:CustomerReference/>
            <ns2:ValuationDate>2015-09-23</ns2:ValuationDate>
            <ns2:AVMModel>Teranet AVM Model</ns2:AVMModel>
            <ns2:AVMModelType>NEIGHBOURHOOD_POINT_MODEL</ns2:AVMModelType>
         </ns2:Header>
         <ns2:ReportDetail>
            <ns2:PropertyDetail>
               <ns2:PropertyAddress>
                  <ns2:StreetNumber>12</ns2:StreetNumber>
                  <ns2:StreetName>CLARK SECOR PL</ns2:StreetName>
                  <ns2:Suite/>
                  <ns2:Municipality>SCARBOROUGH</ns2:Municipality>
                  <ns2:PostalCode>M1C3L3</ns2:PostalCode>
                  <ns2:LRO>80</ns2:LRO>
               </ns2:PropertyAddress>
               <ns2:Owners>
                  <ns2:Name>WOBBE, HANS-WERNER</ns2:Name>
                  <ns2:Name>WOBBE, DONNA GAYLE</ns2:Name>
               </ns2:Owners>
               <ns2:LegalDescription>PCL 4-1, SEC M1979 ; LT 4, PL M1979 ; SCARBOROUGH , CITY OF TORONTO</ns2:LegalDescription>
               <ns2:Perimeter>105</ns2:Perimeter>
               <ns2:PerimeterUnit>m</ns2:PerimeterUnit>
               <ns2:Area>615</ns2:Area>
               <ns2:AreaUnit>m2</ns2:AreaUnit>
               <ns2:Pin>065020114</ns2:Pin>
               <ns2:RegistrationType>L</ns2:RegistrationType>
               <ns2:AerialViewOfSubjectPropertyUrl><![CDATA[http://maps.googleapis.com/maps/api/staticmap?center=43.790080746838726,-79.13458951271843&maptype=hybrid&zoom=19&size=275x275&path=color:0xD8B511FF%7Cweight:3%7Cfillcolor:0xD8B51111%7Cenc:gxgjGr~~aN~@N@E@G@EBEe@m@OXQZA@&sensor=false&client=gme-teranetinc&signature=xwsHYKhZExXnKRLmLfA3dQD2bEA=]]></ns2:AerialViewOfSubjectPropertyUrl>
               <ns2:StreetViewOfSubjectPropertyUrl>http://maps.googleapis.com/maps/api/streetview?sensor=false&amp;fov=60&amp;size=275x275&amp;location=43.789939726504684,-79.13467338816439&amp;client=gme-teranetinc&amp;signature=oAh3eszvJG9rGpsrZY3NIXbTmEk=</ns2:StreetViewOfSubjectPropertyUrl>
            </ns2:PropertyDetail>
            <ns2:SalesHistories>
               <ns2:SalesHistory>
                  <ns2:PartyTo>
                     <ns2:Name>WOBBE, DONNA GAYLE</ns2:Name>
                     <ns2:Name>WOBBE, HANS-WERNER</ns2:Name>
                  </ns2:PartyTo>
                  <ns2:RegistrationDate>1981-09-18</ns2:RegistrationDate>
                  <ns2:ConsiderationValue>0</ns2:ConsiderationValue>
                  <ns2:InstrumentType>Transfer</ns2:InstrumentType>
               </ns2:SalesHistory>
            </ns2:SalesHistories>
            <ns2:EstimatedValue>
               <ns2:EstimatedValue>593000</ns2:EstimatedValue>
               <ns2:EstimatedValueLow>593000</ns2:EstimatedValueLow>
               <ns2:EstimatedValueHigh>593000</ns2:EstimatedValueHigh>
               <ns2:MinimumSaleValue>90000</ns2:MinimumSaleValue>
               <ns2:MaximumSaleValue>749900</ns2:MaximumSaleValue>
               <ns2:AverageSaleValue>523780</ns2:AverageSaleValue>
               <ns2:MedianSaleValue>579000</ns2:MedianSaleValue>
            </ns2:EstimatedValue>
            <ns2:EquityAndMortgages>
               <ns2:EquityEstimate>259750</ns2:EquityEstimate>
               <ns2:EstimatedValue>593000</ns2:EstimatedValue>
               <ns2:RegisteredMortgages>333250</ns2:RegisteredMortgages>
               <ns2:MortgageDetails>
                  <ns2:ConsiderationValue>333250</ns2:ConsiderationValue>
                  <ns2:Institution>BANK OF MONTREAL</ns2:Institution>
                  <ns2:DateIssued>2005-02-22</ns2:DateIssued>
               </ns2:MortgageDetails>
            </ns2:EquityAndMortgages>
         </ns2:ReportDetail>
      </ns2:DirectReportResponse>
   </SOAP-ENV:Body>
</SOAP-ENV:Envelope>
