<SOAP-ENV:Envelope xmlns:SOAP-ENV="http://schemas.xmlsoap.org/soap/envelope/">
   <SOAP-ENV:Header/>
   <SOAP-ENV:Body>
      <ns2:DirectReportResponse xmlns:ns2="http://direct.purview.ca/">
         <ns2:Header>
            <ns2:ReportID>59082</ns2:ReportID>
            <ns2:ReportDate>2015-10-21T15:14:35</ns2:ReportDate>
            <ns2:ValuationDate>2015-10-21</ns2:ValuationDate>
            <ns2:AVMModel>Teranet reavs Model</ns2:AVMModel>
            <ns2:AVMModelType>REAVS</ns2:AVMModelType>
         </ns2:Header>
         <ns2:ReportDetail>
            <ns2:PropertyDetail>
               <ns2:PropertyAddress>
                  <ns2:StreetNumber>1</ns2:StreetNumber>
                  <ns2:StreetName>HARTSVILLE AVE</ns2:StreetName>
                  <ns2:Suite/>
                  <ns2:Municipality>TORONTO</ns2:Municipality>
                  <ns2:PostalCode>M1C3K3</ns2:PostalCode>
                  <ns2:LRO>80</ns2:LRO>
               </ns2:PropertyAddress>
               <ns2:Owners>
                  <ns2:Name>TEAGUE, JOANNE</ns2:Name>
               </ns2:Owners>
               <ns2:LegalDescription>PCL 28-1, SEC M1983 ; LT 28, PL M1983 , S/T A967722 ; SCARBOROUGH , CITY OF TORONTO</ns2:LegalDescription>
               <ns2:Perimeter>95</ns2:Perimeter>
               <ns2:PerimeterUnit>m</ns2:PerimeterUnit>
               <ns2:Area>506</ns2:Area>
               <ns2:AreaUnit>m2</ns2:AreaUnit>
               <ns2:Pin>065020123</ns2:Pin>
               <ns2:RegistrationType>L</ns2:RegistrationType>
               <ns2:AerialViewOfSubjectPropertyUrl><![CDATA[http://maps.googleapis.com/maps/api/staticmap?center=43.78643175628234,-79.13267552035296&maptype=hybrid&zoom=19&size=275x275&path=color:0xD8B511FF%7Cweight:3%7Cfillcolor:0xD8B51111%7Cenc:%7B%60gjGhs~aNRF@?@?@A@C@AJeAYIOnA&sensor=false&client=gme-teranetinc&signature=us9LMeDQsVt_6wLdPWq2tDMiunc=]]></ns2:AerialViewOfSubjectPropertyUrl>
               <ns2:StreetViewOfSubjectPropertyUrl>http://maps.googleapis.com/maps/api/streetview?sensor=false&amp;fov=60&amp;size=275x275&amp;location=43.786458172591914,-79.13287323814625&amp;client=gme-teranetinc&amp;signature=rgkbut3YvLr8Goi6GpKPPFdzUds=</ns2:StreetViewOfSubjectPropertyUrl>
            </ns2:PropertyDetail>
            <ns2:SalesHistories>
               <ns2:SalesHistory>
                  <ns2:PartyTo>
                     <ns2:Name>TEAGUE, ERNEST BARRY</ns2:Name>
                     <ns2:Name>TEAGUE, JOANNE</ns2:Name>
                  </ns2:PartyTo>
                  <ns2:RegistrationDate>1983-03-31</ns2:RegistrationDate>
                  <ns2:ConsiderationValue>0</ns2:ConsiderationValue>
                  <ns2:InstrumentType>Transfer</ns2:InstrumentType>
               </ns2:SalesHistory>
            </ns2:SalesHistories>
            <ns2:EstimatedValue>
               <ns2:EstimatedValue>665700</ns2:EstimatedValue>
               <ns2:EstimatedValueLow>590000</ns2:EstimatedValueLow>
               <ns2:EstimatedValueHigh>730000</ns2:EstimatedValueHigh>
               <ns2:MinimumSaleValue>435000</ns2:MinimumSaleValue>
               <ns2:MaximumSaleValue>1140000</ns2:MaximumSaleValue>
               <ns2:AverageSaleValue>643011</ns2:AverageSaleValue>
               <ns2:MedianSaleValue>617500</ns2:MedianSaleValue>
               <ns2:SalesInLast6Months>28</ns2:SalesInLast6Months>
               <ns2:MarketShift>0.152964</ns2:MarketShift>
            </ns2:EstimatedValue>
            <ns2:EquityAndMortgages>
               <ns2:EquityEstimate>455700</ns2:EquityEstimate>
               <ns2:EstimatedValue>665700</ns2:EstimatedValue>
               <ns2:RegisteredMortgages>210000</ns2:RegisteredMortgages>
               <ns2:MortgageDetails>
                  <ns2:ConsiderationValue>210000</ns2:ConsiderationValue>
                  <ns2:Institution>BANK OF MONTREAL</ns2:Institution>
                  <ns2:DateIssued>2012-03-29</ns2:DateIssued>
               </ns2:MortgageDetails>
            </ns2:EquityAndMortgages>
         </ns2:ReportDetail>
      </ns2:DirectReportResponse>
   </SOAP-ENV:Body>
</SOAP-ENV:Envelope>