<SOAP-ENV:Envelope xmlns:SOAP-ENV="http://schemas.xmlsoap.org/soap/envelope/">
   <SOAP-ENV:Header/>
   <SOAP-ENV:Body>
      <ns2:DirectReportResponse xmlns:ns2="http://direct.purview.ca/">
         <ns2:Header>
            <ns2:ReportID>59061</ns2:ReportID>
            <ns2:ReportDate>2015-10-19T10:27:29</ns2:ReportDate>
            <ns2:ValuationDate>2015-10-19</ns2:ValuationDate>
            <ns2:AVMModel>Teranet reavs Model</ns2:AVMModel>
            <ns2:AVMModelType>REAVS</ns2:AVMModelType>
         </ns2:Header>
         <ns2:ReportDetail>
            <ns2:PropertyDetail>
               <ns2:PropertyAddress>
                  <ns2:StreetNumber>38</ns2:StreetNumber>
                  <ns2:StreetName>BROADBRIDGE DR</ns2:StreetName>
                  <ns2:Suite/>
                  <ns2:Municipality>TORONTO</ns2:Municipality>
                  <ns2:PostalCode>M1C3J9</ns2:PostalCode>
                  <ns2:LRO>80</ns2:LRO>
               </ns2:PropertyAddress>
               <ns2:Owners>
                  <ns2:Name>COWAN, EDWARD</ns2:Name>
                  <ns2:Name>COWAN, LINDA LEE</ns2:Name>
               </ns2:Owners>
               <ns2:LegalDescription>PCL 57-1, SEC M1983 ; LT 57, PL M1983 , S/T A897235 ; SCARBOROUGH , CITY OF TORONTO</ns2:LegalDescription>
               <ns2:Perimeter>94</ns2:Perimeter>
               <ns2:PerimeterUnit>m</ns2:PerimeterUnit>
               <ns2:Area>461</ns2:Area>
               <ns2:AreaUnit>m2</ns2:AreaUnit>
               <ns2:Pin>065020076</ns2:Pin>
               <ns2:RegistrationType>L</ns2:RegistrationType>
               <ns2:AerialViewOfSubjectPropertyUrl><![CDATA[http://maps.googleapis.com/maps/api/staticmap?center=43.78819750374948,-79.13297234192761&maptype=hybrid&zoom=19&size=275x275&path=color:0xD8B511FF%7Cweight:3%7Cfillcolor:0xD8B51111%7Cenc:elgjGps~aNj@x@??DIJO??m@w@OV&sensor=false&client=gme-teranetinc&signature=EhY99cASIwZ55l5IISGy30dvVso=]]></ns2:AerialViewOfSubjectPropertyUrl>
               <ns2:StreetViewOfSubjectPropertyUrl>http://maps.googleapis.com/maps/api/streetview?sensor=false&amp;fov=60&amp;size=275x275&amp;location=43.78830920010765,-79.13283196093656&amp;client=gme-teranetinc&amp;signature=iaA2yU4iLhFUE0tVn4Bc-1K12Bw=</ns2:StreetViewOfSubjectPropertyUrl>
            </ns2:PropertyDetail>
            <ns2:SalesHistories>
               <ns2:SalesHistory>
                  <ns2:PartyTo>
                     <ns2:Name>COWAN, EDWARD</ns2:Name>
                     <ns2:Name>COWAN, LINDA LEE</ns2:Name>
                  </ns2:PartyTo>
                  <ns2:RegistrationDate>1996-06-14</ns2:RegistrationDate>
                  <ns2:ConsiderationValue>246000</ns2:ConsiderationValue>
                  <ns2:InstrumentType>Transfer</ns2:InstrumentType>
               </ns2:SalesHistory>
               <ns2:SalesHistory>
                  <ns2:PartyTo>
                     <ns2:Name>BOYKO, STEPHEN</ns2:Name>
                     <ns2:Name>BROWN-BOYKO, NANCY</ns2:Name>
                  </ns2:PartyTo>
                  <ns2:RegistrationDate>1991-12-18</ns2:RegistrationDate>
                  <ns2:ConsiderationValue>295000</ns2:ConsiderationValue>
                  <ns2:InstrumentType>Transfer</ns2:InstrumentType>
               </ns2:SalesHistory>
            </ns2:SalesHistories>
            <ns2:EstimatedValue>
               <ns2:EstimatedValue>658800</ns2:EstimatedValue>
               <ns2:EstimatedValueLow>586000</ns2:EstimatedValueLow>
               <ns2:EstimatedValueHigh>721000</ns2:EstimatedValueHigh>
               <ns2:MinimumSaleValue>435000</ns2:MinimumSaleValue>
               <ns2:MaximumSaleValue>1140000</ns2:MaximumSaleValue>
               <ns2:AverageSaleValue>643011</ns2:AverageSaleValue>
               <ns2:MedianSaleValue>617500</ns2:MedianSaleValue>
               <ns2:SalesInLast6Months>28</ns2:SalesInLast6Months>
               <ns2:MarketShift>0.152881</ns2:MarketShift>
            </ns2:EstimatedValue>
            <ns2:EquityAndMortgages>
               <ns2:EquityEstimate>-98300</ns2:EquityEstimate>
               <ns2:EstimatedValue>658800</ns2:EstimatedValue>
               <ns2:RegisteredMortgages>757100</ns2:RegisteredMortgages>
               <ns2:MortgageDetails>
                  <ns2:ConsiderationValue>667100</ns2:ConsiderationValue>
                  <ns2:Institution>ROYAL BANK OF CANADA</ns2:Institution>
                  <ns2:DateIssued>2015-06-15</ns2:DateIssued>
               </ns2:MortgageDetails>
               <ns2:MortgageDetails>
                  <ns2:ConsiderationValue>90000</ns2:ConsiderationValue>
                  <ns2:Institution>CANADA TRUSTCO MORTGAGE COMPANY</ns2:Institution>
                  <ns2:DateIssued>1997-07-18</ns2:DateIssued>
               </ns2:MortgageDetails>
            </ns2:EquityAndMortgages>
         </ns2:ReportDetail>
      </ns2:DirectReportResponse>
   </SOAP-ENV:Body>
</SOAP-ENV:Envelope>