<soapenv:Envelope xmlns:soapenv="http://schemas.xmlsoap.org/soap/envelope/" xmlns:xsd="http://www.w3.org/2001/XMLSchema" xmlns:xsi="http://www.w3.org/2001/XMLSchema-instance">
   <soapenv:Body>
      <ns1:processResponse soapenv:encodingStyle="http://schemas.xmlsoap.org/soap/encoding/" xmlns:ns1="http://webreceiver/">
         <processReturn xsi:type="soapenc:string" xmlns:soapenc="http://schemas.xmlsoap.org/soap/encoding/"><![CDATA[<?xml version="1.0" encoding="UTF-8"?><B2B>
	<header>
		<security_info>
			<user_id>TEMPUSER</user_id>
			<password>TMP0715</password>
		</security_info>
		<client_info/>
	<mpac_info>
<address_count>1</address_count>
<query_result code="00" desc="Some addresses found"/>
</mpac_info>
</header>
	<body>
		<request>
			<report_type>COMPARABLE</report_type>
			<street_number>12</street_number>
			<street_name>CLARK SECOR</street_name>
			<street_type/>
			<postal_code>M1C 3L3</postal_code>
			<municipality>TORONTO</municipality>
			<province>ON</province>
		</request>
	<response>
<property>
<matched_by>ADDRESS</matched_by>
<roll>190109665006400</roll>
<unit_designator/>
<unit_number/>
<street_number>12</street_number>
<street_number_suffix/>
<street_name>CLARK SECOR</street_name>
<street_type>PL</street_type>
<street_direction/>
<postal_code>M1C 3L3</postal_code>
<province>ON</province>
<municipality>SCARBOROUGH</municipality>
<avm_value>809000</avm_value>
<avm_date>20151001</avm_date>
<confidence_rating>M</confidence_rating>
<lower_confidence_limit>747000</lower_confidence_limit>
<upper_confidence_limit>869000</upper_confidence_limit>
<comparable>
<property_location>12  CLARK SECOR PL   </property_location>
<basement_finish_area>0</basement_finish_area>
<compsaledate/>
<compsaleamount>0</compsaleamount>
<comparablesequence>0</comparablesequence>
<lot_depth>0</lot_depth>
<lot_frontage>40.78</lot_frontage>
<municipality>SCARBOROUGH</municipality>
<number_of_bedrooms>4</number_of_bedrooms>
<number_of_full_bathrooms>2</number_of_full_bathrooms>
<number_of_half_bathrooms>1</number_of_half_bathrooms>
<postal_code>M1C 3L3</postal_code>
<property_type_style>001</property_type_style>
<property_type_description>Detached</property_type_description>
<province>ON</province>
<comp_roll>190109665006400</comp_roll>
<lot_area>0</lot_area>
<unit_of_measure_of_lot_area>A</unit_of_measure_of_lot_area>
<primary_struc_area_above_grd>2734</primary_struc_area_above_grd>
<year_built>1981</year_built>
</comparable>
<comparable>
<property_location>18  CLARK SECOR PL   </property_location>
<basement_finish_area>670</basement_finish_area>
<compsaledate>2015-07-01 00:00:00</compsaledate>
<compsaleamount>830000</compsaleamount>
<comparablesequence>1</comparablesequence>
<lot_depth>0</lot_depth>
<lot_frontage>53.21</lot_frontage>
<municipality>SCARBOROUGH</municipality>
<number_of_bedrooms>4</number_of_bedrooms>
<number_of_full_bathrooms>2</number_of_full_bathrooms>
<number_of_half_bathrooms>1</number_of_half_bathrooms>
<postal_code>M1C 3L3</postal_code>
<property_type_style>001</property_type_style>
<property_type_description>Detached</property_type_description>
<province>ON</province>
<comp_roll>190109665006700</comp_roll>
<lot_area>0</lot_area>
<unit_of_measure_of_lot_area>A</unit_of_measure_of_lot_area>
<primary_struc_area_above_grd>2173</primary_struc_area_above_grd>
<year_built>1981</year_built>
</comparable>
<comparable>
<property_location>38  BROADBRIDGE DR   </property_location>
<basement_finish_area>324</basement_finish_area>
<compsaledate>2015-06-01 00:00:00</compsaledate>
<compsaleamount>667100</compsaleamount>
<comparablesequence>2</comparablesequence>
<lot_depth>110</lot_depth>
<lot_frontage>45</lot_frontage>
<municipality>SCARBOROUGH</municipality>
<number_of_bedrooms>4</number_of_bedrooms>
<number_of_full_bathrooms>2</number_of_full_bathrooms>
<number_of_half_bathrooms>1</number_of_half_bathrooms>
<postal_code>M1C 3J9</postal_code>
<property_type_style>001</property_type_style>
<property_type_description>Detached</property_type_description>
<province>ON</province>
<comp_roll>190109664001900</comp_roll>
<lot_area>4791.6</lot_area>
<unit_of_measure_of_lot_area>F</unit_of_measure_of_lot_area>
<primary_struc_area_above_grd>2072</primary_struc_area_above_grd>
<year_built>1981</year_built>
</comparable>
<comparable>
<property_location>1  HARTSVILLE AVE   </property_location>
<basement_finish_area>0</basement_finish_area>
<compsaledate>2015-09-01 00:00:00</compsaledate>
<compsaleamount>810500</compsaleamount>
<comparablesequence>3</comparablesequence>
<lot_depth>110</lot_depth>
<lot_frontage>50</lot_frontage>
<municipality>SCARBOROUGH</municipality>
<number_of_bedrooms>4</number_of_bedrooms>
<number_of_full_bathrooms>2</number_of_full_bathrooms>
<number_of_half_bathrooms>1</number_of_half_bathrooms>
<postal_code>M1C 3K3</postal_code>
<property_type_style>001</property_type_style>
<property_type_description>Detached</property_type_description>
<province>ON</province>
<comp_roll>190109663000100</comp_roll>
<lot_area>5227.2</lot_area>
<unit_of_measure_of_lot_area>F</unit_of_measure_of_lot_area>
<primary_struc_area_above_grd>2062</primary_struc_area_above_grd>
<year_built>1981</year_built>
</comparable>
</property>
</response>
</body>
</B2B>]]></processReturn>
      </ns1:processResponse>
   </soapenv:Body>
</soapenv:Envelope>